<?xml version="1.0" encoding="iso-8859-1"?>
<sspaceex xmlns="http://www-verimag.imag.fr/xml-namespaces/sspaceex" version="0.2" math="SpaceEx">
  <component id="ArtificialPancreas">
    <param name="X" type="real" local="false" d1="1" d2="1" dynamics="any" />
    <param name="Isc1" type="real" local="false" d1="1" d2="1" dynamics="any" />
    <param name="Isc2" type="real" local="false" d1="1" d2="1" dynamics="any" />
    <param name="Gt" type="real" local="false" d1="1" d2="1" dynamics="any" />
    <param name="Gp" type="real" local="false" d1="1" d2="1" dynamics="any" />
    <param name="Il" type="real" local="false" d1="1" d2="1" dynamics="any" />
    <param name="Ip" type="real" local="false" d1="1" d2="1" dynamics="any" />
    <param name="I1" type="real" local="false" d1="1" d2="1" dynamics="any" />
    <param name="Id" type="real" local="false" d1="1" d2="1" dynamics="any" />
    <param name="Gs" type="real" local="false" d1="1" d2="1" dynamics="any" />
    <param name="t" type="real" local="false" d1="1" d2="1" dynamics="any" />
    <param name="uc" type="real" local="false" d1="1" d2="1" dynamics="any" controlled="false" />
    <note>
        -------------------------------------------------------------------
        Locations for time interval t in [0,30]
        -------------------------------------------------------------------
    </note>
    <location id="I1_t1" name="loc_I1_t1" x="426.0" y="95.0" width="556.0" height="136.0">
      <invariant>Gs&lt;=80 &amp; t&gt;=0 &amp; t&lt;=30.1</invariant>
      <flow>X'== -0.0278 * X +0.0278 * ( 18.2129 * Ip - 100.25) &amp; 
            Isc1'== -0.0142 * Isc1 - 0.0078 * Isc2 + 0.05 &amp;
            Isc2'== 0.0152 * Isc1 - 0.0078 * Isc2 &amp;
            Gt'== -0.0039* (3.2267+0.0313*X) * Gt * ( 1 - 0.0026 * Gt + (2.5097e-6) *Gt^2) + 0.0581 *Gp - 0.0871* Gt &amp;
            Gp'== 3.7314 - 0.0047 * Gp - 0.0121 * Id - 0.0581*Gp + 0.0871*Gt + uc*(1.141e-4*t^2 + 6.134e-6*t) &amp; 
            Il'== -0.4219 * Il + 0.2250* Ip &amp;
            Ip'== -0.3150 * Ip + 0.1545 * Il + 0.0019 * Isc1 + 0.0078 * Isc2 &amp;
            I1'== -0.0046 * ( I1 - 18.2129 * Ip) &amp;
            Id'== -0.0046 * (Id - I1 ) &amp;
            Gs'== 0.1*( 0.5221 * Gp - Gs) &amp;
            t'==1</flow>
    </location>
    <location id="I2_t1" name="loc_I2_t1" x="426.0" y="95.0" width="556.0" height="136.0">
      <invariant>Gs&gt;=75 &amp; Gs&lt;=120 &amp; t&gt;=0 &amp; t&lt;=30.1</invariant>
      <flow>X'== -0.0278 * X +0.0278 * ( 18.2129 * Ip - 100.25) &amp; 
            Isc1'== -0.0142 * Isc1 - 0.0078 * Isc2 + 0.1 &amp;
            Isc2'== 0.0152 * Isc1 - 0.0078 * Isc2 &amp;
            Gt'== -0.0039* (3.2267+0.0313*X) * Gt * ( 1 - 0.0026 * Gt + (2.5097e-6) *Gt^2) + 0.0581 *Gp - 0.0871* Gt &amp;
            Gp'== 3.7314 - 0.0047 * Gp - 0.0121 * Id - 0.0581*Gp + 0.0871*Gt + uc*(1.141e-4*t^2 + 6.134e-6*t) &amp; 
            Il'== -0.4219 * Il + 0.2250* Ip &amp;
            Ip'== -0.3150 * Ip + 0.1545 * Il + 0.0019 * Isc1 + 0.0078 * Isc2 &amp;
            I1'== -0.0046 * ( I1 - 18.2129 * Ip) &amp;
            Id'== -0.0046 * (Id - I1 ) &amp;
            Gs'== 0.1*( 0.5221 * Gp - Gs) &amp;
            t'==1</flow>
    </location>
    <location id="I3_t1" name="loc_I3_t1" x="426.0" y="95.0" width="556.0" height="136.0">
      <invariant>Gs&gt;=115 &amp; Gs&lt;=180 &amp; t&gt;=0 &amp; t&lt;=30.1</invariant>
      <flow>X'== -0.0278 * X +0.0278 * ( 18.2129 * Ip - 100.25) &amp; 
            Isc1'== -0.0142 * Isc1 - 0.0078 * Isc2 + 0.2 &amp;
            Isc2'== 0.0152 * Isc1 - 0.0078 * Isc2 &amp;
            Gt'== -0.0039* (3.2267+0.0313*X) * Gt * ( 1 - 0.0026 * Gt + (2.5097e-6) *Gt^2) + 0.0581 *Gp - 0.0871* Gt &amp;
            Gp'== 3.7314 - 0.0047 * Gp - 0.0121 * Id - 0.0581*Gp + 0.0871*Gt + uc*(1.141e-4*t^2 + 6.134e-6*t) &amp; 
            Il'== -0.4219 * Il + 0.2250* Ip &amp;
            Ip'== -0.3150 * Ip + 0.1545 * Il + 0.0019 * Isc1 + 0.0078 * Isc2 &amp;
            I1'== -0.0046 * ( I1 - 18.2129 * Ip) &amp;
            Id'== -0.0046 * (Id - I1 ) &amp;
            Gs'== 0.1*( 0.5221 * Gp - Gs) &amp;
            t'==1</flow>
    </location>
    <location id="I4_t1" name="loc_I4_t1" x="426.0" y="95.0" width="556.0" height="136.0">
      <invariant>Gs&gt;=175 &amp; Gs&lt;=300 &amp; t&gt;=0 &amp; t&lt;=30.1</invariant>
      <flow>X'== -0.0278 * X +0.0278 * ( 18.2129 * Ip - 100.25) &amp; 
            Isc1'== -0.0142 * Isc1 - 0.0078 * Isc2 + 0.5 &amp;
            Isc2'== 0.0152 * Isc1 - 0.0078 * Isc2 &amp;
            Gt'== -0.0039* (3.2267+0.0313*X) * Gt * ( 1 - 0.0026 * Gt + (2.5097e-6) *Gt^2) + 0.0581 *Gp - 0.0871* Gt &amp;
            Gp'== 3.7314 - 0.0047 * Gp - 0.0121 * Id - 0.0581*Gp + 0.0871*Gt + uc*(1.141e-4*t^2 + 6.134e-6*t) &amp; 
            Il'== -0.4219 * Il + 0.2250* Ip &amp;
            Ip'== -0.3150 * Ip + 0.1545 * Il + 0.0019 * Isc1 + 0.0078 * Isc2 &amp;
            I1'== -0.0046 * ( I1 - 18.2129 * Ip) &amp;
            Id'== -0.0046 * (Id - I1 ) &amp;
            Gs'== 0.1*( 0.5221 * Gp - Gs) &amp;
            t'==1</flow>
    </location>
    <location id="I5_t1" name="loc_I5_t1" x="426.0" y="95.0" width="556.0" height="136.0">
      <invariant>Gs&gt;=295 &amp; t&gt;=0 &amp; t&lt;=30.1</invariant>
      <flow>X'== -0.0278 * X +0.0278 * ( 18.2129 * Ip - 100.25) &amp; 
            Isc1'== -0.0142 * Isc1 - 0.0078 * Isc2 + 1.4 &amp;
            Isc2'== 0.0152 * Isc1 - 0.0078 * Isc2 &amp;
            Gt'== -0.0039* (3.2267+0.0313*X) * Gt * ( 1 - 0.0026 * Gt + (2.5097e-6) *Gt^2) + 0.0581 *Gp - 0.0871* Gt &amp;
            Gp'== 3.7314 - 0.0047 * Gp - 0.0121 * Id - 0.0581*Gp + 0.0871*Gt + uc*(1.141e-4*t^2 + 6.134e-6*t) &amp; 
            Il'== -0.4219 * Il + 0.2250* Ip &amp;
            Ip'== -0.3150 * Ip + 0.1545 * Il + 0.0019 * Isc1 + 0.0078 * Isc2 &amp;
            I1'== -0.0046 * ( I1 - 18.2129 * Ip) &amp;
            Id'== -0.0046 * (Id - I1 ) &amp;
            Gs'== 0.1*( 0.5221 * Gp - Gs) &amp;
            t'==1</flow>
    </location>
    <note>
        -------------------------------------------------------------------
        Locations for time interval t in [30,80]
        -------------------------------------------------------------------
    </note>
    <location id="I1_t2" name="loc_I1_t2" x="426.0" y="95.0" width="556.0" height="136.0">
      <invariant>Gs&lt;=80 &amp; t&gt;=30 &amp; t&lt;=80</invariant>
      <flow>X'== -0.0278 * X +0.0278 * ( 18.2129 * Ip - 100.25) &amp; 
            Isc1'== -0.0142 * Isc1 - 0.0078 * Isc2 + 0.05 &amp;
            Isc2'== 0.0152 * Isc1 - 0.0078 * Isc2 &amp;
            Gt'== -0.0039* (3.2267+0.0313*X) * Gt * ( 1 - 0.0026 * Gt + (2.5097e-6) *Gt^2) + 0.0581 *Gp - 0.0871* Gt &amp;
            Gp'== 3.7314 - 0.0047 * Gp - 0.0121 * Id - 0.0581*Gp + 0.0871*Gt + uc*(5.25e-5*t^2 - 7.468e-3*t + 0.281) &amp; 
            Il'== -0.4219 * Il + 0.2250* Ip &amp;
            Ip'== -0.3150 * Ip + 0.1545 * Il + 0.0019 * Isc1 + 0.0078 * Isc2 &amp;
            I1'== -0.0046 * ( I1 - 18.2129 * Ip) &amp;
            Id'== -0.0046 * (Id - I1 ) &amp;
            Gs'== 0.1*( 0.5221 * Gp - Gs) &amp;
            t'==1</flow>
    </location>
    <location id="I2_t2" name="loc_I2_t2" x="426.0" y="95.0" width="556.0" height="136.0">
      <invariant>Gs&gt;=75 &amp; Gs&lt;=120 &amp; t&gt;=30 &amp; t&lt;=80</invariant>
      <flow>X'== -0.0278 * X +0.0278 * ( 18.2129 * Ip - 100.25) &amp; 
            Isc1'== -0.0142 * Isc1 - 0.0078 * Isc2 + 0.1 &amp;
            Isc2'== 0.0152 * Isc1 - 0.0078 * Isc2 &amp;
            Gt'== -0.0039* (3.2267+0.0313*X) * Gt * ( 1 - 0.0026 * Gt + (2.5097e-6) *Gt^2) + 0.0581 *Gp - 0.0871* Gt &amp;
            Gp'== 3.7314 - 0.0047 * Gp - 0.0121 * Id - 0.0581*Gp + 0.0871*Gt + uc*(5.25e-5*t^2 - 7.468e-3*t + 0.281) &amp; 
            Il'== -0.4219 * Il + 0.2250* Ip &amp;
            Ip'== -0.3150 * Ip + 0.1545 * Il + 0.0019 * Isc1 + 0.0078 * Isc2 &amp;
            I1'== -0.0046 * ( I1 - 18.2129 * Ip) &amp;
            Id'== -0.0046 * (Id - I1 ) &amp;
            Gs'== 0.1*( 0.5221 * Gp - Gs) &amp;
            t'==1</flow>
    </location>
    <location id="I3_t2" name="loc_I3_t2" x="426.0" y="95.0" width="556.0" height="136.0">
      <invariant>Gs&gt;=115 &amp; Gs&lt;=180 &amp; t&gt;=30 &amp; t&lt;=80</invariant>
      <flow>X'== -0.0278 * X +0.0278 * ( 18.2129 * Ip - 100.25) &amp; 
            Isc1'== -0.0142 * Isc1 - 0.0078 * Isc2 + 0.2 &amp;
            Isc2'== 0.0152 * Isc1 - 0.0078 * Isc2 &amp;
            Gt'== -0.0039* (3.2267+0.0313*X) * Gt * ( 1 - 0.0026 * Gt + (2.5097e-6) *Gt^2) + 0.0581 *Gp - 0.0871* Gt &amp;
            Gp'== 3.7314 - 0.0047 * Gp - 0.0121 * Id - 0.0581*Gp + 0.0871*Gt + uc*(5.25e-5*t^2 - 7.468e-3*t + 0.281) &amp; 
            Il'== -0.4219 * Il + 0.2250* Ip &amp;
            Ip'== -0.3150 * Ip + 0.1545 * Il + 0.0019 * Isc1 + 0.0078 * Isc2 &amp;
            I1'== -0.0046 * ( I1 - 18.2129 * Ip) &amp;
            Id'== -0.0046 * (Id - I1 ) &amp;
            Gs'== 0.1*( 0.5221 * Gp - Gs) &amp;
            t'==1</flow>
    </location>
    <location id="I4_t2" name="loc_I4_t2" x="426.0" y="95.0" width="556.0" height="136.0">
      <invariant>Gs&gt;=175 &amp; Gs&lt;=300 &amp; t&gt;=30 &amp; t&lt;=80</invariant>
      <flow>X'== -0.0278 * X +0.0278 * ( 18.2129 * Ip - 100.25) &amp; 
            Isc1'== -0.0142 * Isc1 - 0.0078 * Isc2 + 0.5 &amp;
            Isc2'== 0.0152 * Isc1 - 0.0078 * Isc2 &amp;
            Gt'== -0.0039* (3.2267+0.0313*X) * Gt * ( 1 - 0.0026 * Gt + (2.5097e-6) *Gt^2) + 0.0581 *Gp - 0.0871* Gt &amp;
            Gp'== 3.7314 - 0.0047 * Gp - 0.0121 * Id - 0.0581*Gp + 0.0871*Gt + uc*(5.25e-5*t^2 - 7.468e-3*t + 0.281) &amp; 
            Il'== -0.4219 * Il + 0.2250* Ip &amp;
            Ip'== -0.3150 * Ip + 0.1545 * Il + 0.0019 * Isc1 + 0.0078 * Isc2 &amp;
            I1'== -0.0046 * ( I1 - 18.2129 * Ip) &amp;
            Id'== -0.0046 * (Id - I1 ) &amp;
            Gs'== 0.1*( 0.5221 * Gp - Gs) &amp;
            t'==1</flow>
    </location>
    <location id="I5_t2" name="loc_I5_t2" x="426.0" y="95.0" width="556.0" height="136.0">
      <invariant>Gs&gt;=295 &amp; t&gt;=30 &amp; t&lt;=80</invariant>
      <flow>X'== -0.0278 * X +0.0278 * ( 18.2129 * Ip - 100.25) &amp; 
            Isc1'== -0.0142 * Isc1 - 0.0078 * Isc2 + 1.4 &amp;
            Isc2'== 0.0152 * Isc1 - 0.0078 * Isc2 &amp;
            Gt'== -0.0039* (3.2267+0.0313*X) * Gt * ( 1 - 0.0026 * Gt + (2.5097e-6) *Gt^2) + 0.0581 *Gp - 0.0871* Gt &amp;
            Gp'== 3.7314 - 0.0047 * Gp - 0.0121 * Id - 0.0581*Gp + 0.0871*Gt + uc*(5.25e-5*t^2 - 7.468e-3*t + 0.281) &amp; 
            Il'== -0.4219 * Il + 0.2250* Ip &amp;
            Ip'== -0.3150 * Ip + 0.1545 * Il + 0.0019 * Isc1 + 0.0078 * Isc2 &amp;
            I1'== -0.0046 * ( I1 - 18.2129 * Ip) &amp;
            Id'== -0.0046 * (Id - I1 ) &amp;
            Gs'== 0.1*( 0.5221 * Gp - Gs) &amp;
            t'==1</flow>
    </location>
    <note>
        -------------------------------------------------------------------
        Locations for time interval t in [80,360]
        -------------------------------------------------------------------
    </note>
    <location id="I1_t3" name="loc_I1_t3" x="426.0" y="95.0" width="556.0" height="136.0">
      <invariant>Gs&lt;=80 &amp; t&gt;=80 &amp; t&lt;=360</invariant>
      <flow>X'== -0.0278 * X +0.0278 * ( 18.2129 * Ip - 100.25) &amp; 
            Isc1'== -0.0142 * Isc1 - 0.0078 * Isc2 + 0.05 &amp;
            Isc2'== 0.0152 * Isc1 - 0.0078 * Isc2 &amp;
            Gt'== -0.0039* (3.2267+0.0313*X) * Gt * ( 1 - 0.0026 * Gt + (2.5097e-6) *Gt^2) + 0.0581 *Gp - 0.0871* Gt &amp;
            Gp'== 3.7314 - 0.0047 * Gp - 0.0121 * Id - 0.0581*Gp + 0.0871*Gt + uc*(1.245e-7*t^2 - 9.112e-5*t + 2.648e-2) &amp; 
            Il'== -0.4219 * Il + 0.2250* Ip &amp;
            Ip'== -0.3150 * Ip + 0.1545 * Il + 0.0019 * Isc1 + 0.0078 * Isc2 &amp;
            I1'== -0.0046 * ( I1 - 18.2129 * Ip) &amp;
            Id'== -0.0046 * (Id - I1 ) &amp;
            Gs'== 0.1*( 0.5221 * Gp - Gs) &amp;
            t'==1</flow>
    </location>
    <location id="I2_t3" name="loc_I2_t3" x="426.0" y="95.0" width="556.0" height="136.0">
      <invariant>Gs&gt;=75 &amp; Gs&lt;=120 &amp; t&gt;=80 &amp; t&lt;=360</invariant>
      <flow>X'== -0.0278 * X +0.0278 * ( 18.2129 * Ip - 100.25) &amp; 
            Isc1'== -0.0142 * Isc1 - 0.0078 * Isc2 + 0.1 &amp;
            Isc2'== 0.0152 * Isc1 - 0.0078 * Isc2 &amp;
            Gt'== -0.0039* (3.2267+0.0313*X) * Gt * ( 1 - 0.0026 * Gt + (2.5097e-6) *Gt^2) + 0.0581 *Gp - 0.0871* Gt &amp;
            Gp'== 3.7314 - 0.0047 * Gp - 0.0121 * Id - 0.0581*Gp + 0.0871*Gt + uc*(1.245e-7*t^2 - 9.112e-5*t + 2.648e-2) &amp; 
            Il'== -0.4219 * Il + 0.2250* Ip &amp;
            Ip'== -0.3150 * Ip + 0.1545 * Il + 0.0019 * Isc1 + 0.0078 * Isc2 &amp;
            I1'== -0.0046 * ( I1 - 18.2129 * Ip) &amp;
            Id'== -0.0046 * (Id - I1 ) &amp;
            Gs'== 0.1*( 0.5221 * Gp - Gs) &amp;
            t'==1</flow>
    </location>
    <location id="I3_t3" name="loc_I3_t3" x="426.0" y="95.0" width="556.0" height="136.0">
      <invariant>Gs&gt;=115 &amp; Gs&lt;=180 &amp; t&gt;=80 &amp; t&lt;=360</invariant>
      <flow>X'== -0.0278 * X +0.0278 * ( 18.2129 * Ip - 100.25) &amp; 
            Isc1'== -0.0142 * Isc1 - 0.0078 * Isc2 + 0.2 &amp;
            Isc2'== 0.0152 * Isc1 - 0.0078 * Isc2 &amp;
            Gt'== -0.0039* (3.2267+0.0313*X) * Gt * ( 1 - 0.0026 * Gt + (2.5097e-6) *Gt^2) + 0.0581 *Gp - 0.0871* Gt &amp;
            Gp'== 3.7314 - 0.0047 * Gp - 0.0121 * Id - 0.0581*Gp + 0.0871*Gt + uc*(1.245e-7*t^2 - 9.112e-5*t + 2.648e-2) &amp; 
            Il'== -0.4219 * Il + 0.2250* Ip &amp;
            Ip'== -0.3150 * Ip + 0.1545 * Il + 0.0019 * Isc1 + 0.0078 * Isc2 &amp;
            I1'== -0.0046 * ( I1 - 18.2129 * Ip) &amp;
            Id'== -0.0046 * (Id - I1 ) &amp;
            Gs'== 0.1*( 0.5221 * Gp - Gs) &amp;
            t'==1</flow>
    </location>
    <location id="I4_t3" name="loc_I4_t3" x="426.0" y="95.0" width="556.0" height="136.0">
      <invariant>Gs&gt;=175 &amp; Gs&lt;=300 &amp; t&gt;=80 &amp; t&lt;=360</invariant>
      <flow>X'== -0.0278 * X +0.0278 * ( 18.2129 * Ip - 100.25) &amp; 
            Isc1'== -0.0142 * Isc1 - 0.0078 * Isc2 + 0.5 &amp;
            Isc2'== 0.0152 * Isc1 - 0.0078 * Isc2 &amp;
            Gt'== -0.0039* (3.2267+0.0313*X) * Gt * ( 1 - 0.0026 * Gt + (2.5097e-6) *Gt^2) + 0.0581 *Gp - 0.0871* Gt &amp;
            Gp'== 3.7314 - 0.0047 * Gp - 0.0121 * Id - 0.0581*Gp + 0.0871*Gt + uc*(1.245e-7*t^2 - 9.112e-5*t + 2.648e-2) &amp; 
            Il'== -0.4219 * Il + 0.2250* Ip &amp;
            Ip'== -0.3150 * Ip + 0.1545 * Il + 0.0019 * Isc1 + 0.0078 * Isc2 &amp;
            I1'== -0.0046 * ( I1 - 18.2129 * Ip) &amp;
            Id'== -0.0046 * (Id - I1 ) &amp;
            Gs'== 0.1*( 0.5221 * Gp - Gs) &amp;
            t'==1</flow>
    </location>
    <location id="I5_t3" name="loc_I5_t3" x="426.0" y="95.0" width="556.0" height="136.0">
      <invariant>Gs&gt;=295 &amp; t&gt;=80 &amp; t&lt;=360</invariant>
      <flow>X'== -0.0278 * X +0.0278 * ( 18.2129 * Ip - 100.25) &amp; 
            Isc1'== -0.0142 * Isc1 - 0.0078 * Isc2 + 1.4 &amp;
            Isc2'== 0.0152 * Isc1 - 0.0078 * Isc2 &amp;
            Gt'== -0.0039* (3.2267+0.0313*X) * Gt * ( 1 - 0.0026 * Gt + (2.5097e-6) *Gt^2) + 0.0581 *Gp - 0.0871* Gt &amp;
            Gp'== 3.7314 - 0.0047 * Gp - 0.0121 * Id - 0.0581*Gp + 0.0871*Gt + uc*(1.245e-7*t^2 - 9.112e-5*t + 2.648e-2) &amp; 
            Il'== -0.4219 * Il + 0.2250* Ip &amp;
            Ip'== -0.3150 * Ip + 0.1545 * Il + 0.0019 * Isc1 + 0.0078 * Isc2 &amp;
            I1'== -0.0046 * ( I1 - 18.2129 * Ip) &amp;
            Id'== -0.0046 * (Id - I1 ) &amp;
            Gs'== 0.1*( 0.5221 * Gp - Gs) &amp;
            t'==1</flow>
    </location>
    <note>
        -------------------------------------------------------------------
        Locations for time interval t in [360,400]
        -------------------------------------------------------------------
    </note>
    <location id="I1_t4" name="loc_I1_t4" x="426.0" y="95.0" width="556.0" height="136.0">
      <invariant>Gs&lt;=80 &amp; t&gt;=360 &amp; t&lt;=400</invariant>
      <flow>X'== -0.0278 * X +0.0278 * ( 18.2129 * Ip - 100.25) &amp; 
            Isc1'== -0.0142 * Isc1 - 0.0078 * Isc2 + 0.05 &amp;
            Isc2'== 0.0152 * Isc1 - 0.0078 * Isc2 &amp;
            Gt'== -0.0039* (3.2267+0.0313*X) * Gt * ( 1 - 0.0026 * Gt + (2.5097e-6) *Gt^2) + 0.0581 *Gp - 0.0871* Gt &amp;
            Gp'== 3.7314 - 0.0047 * Gp - 0.0121 * Id - 0.0581*Gp + 0.0871*Gt + uc*(-6.307e-5*t^2 + 0.0483*t - 9.19) &amp; 
            Il'== -0.4219 * Il + 0.2250* Ip &amp;
            Ip'== -0.3150 * Ip + 0.1545 * Il + 0.0019 * Isc1 + 0.0078 * Isc2 &amp;
            I1'== -0.0046 * ( I1 - 18.2129 * Ip) &amp;
            Id'== -0.0046 * (Id - I1 ) &amp;
            Gs'== 0.1*( 0.5221 * Gp - Gs) &amp;
            t'==1</flow>
    </location>
    <location id="I2_t4" name="loc_I2_t4" x="426.0" y="95.0" width="556.0" height="136.0">
      <invariant>Gs&gt;=75 &amp; Gs&lt;=120 &amp; t&gt;=360 &amp; t&lt;=400</invariant>
      <flow>X'== -0.0278 * X +0.0278 * ( 18.2129 * Ip - 100.25) &amp; 
            Isc1'== -0.0142 * Isc1 - 0.0078 * Isc2 + 0.1 &amp;
            Isc2'== 0.0152 * Isc1 - 0.0078 * Isc2 &amp;
            Gt'== -0.0039* (3.2267+0.0313*X) * Gt * ( 1 - 0.0026 * Gt + (2.5097e-6) *Gt^2) + 0.0581 *Gp - 0.0871* Gt &amp;
            Gp'== 3.7314 - 0.0047 * Gp - 0.0121 * Id - 0.0581*Gp + 0.0871*Gt + uc*(-6.307e-5*t^2 + 0.0483*t - 9.19) &amp; 
            Il'== -0.4219 * Il + 0.2250* Ip &amp;
            Ip'== -0.3150 * Ip + 0.1545 * Il + 0.0019 * Isc1 + 0.0078 * Isc2 &amp;
            I1'== -0.0046 * ( I1 - 18.2129 * Ip) &amp;
            Id'== -0.0046 * (Id - I1 ) &amp;
            Gs'== 0.1*( 0.5221 * Gp - Gs) &amp;
            t'==1</flow>
    </location>
    <location id="I3_t4" name="loc_I3_t4" x="426.0" y="95.0" width="556.0" height="136.0">
      <invariant>Gs&gt;=115 &amp; Gs&lt;=180 &amp; t&gt;=360 &amp; t&lt;=400</invariant>
      <flow>X'== -0.0278 * X +0.0278 * ( 18.2129 * Ip - 100.25) &amp; 
            Isc1'== -0.0142 * Isc1 - 0.0078 * Isc2 + 0.2 &amp;
            Isc2'== 0.0152 * Isc1 - 0.0078 * Isc2 &amp;
            Gt'== -0.0039* (3.2267+0.0313*X) * Gt * ( 1 - 0.0026 * Gt + (2.5097e-6) *Gt^2) + 0.0581 *Gp - 0.0871* Gt &amp;
            Gp'== 3.7314 - 0.0047 * Gp - 0.0121 * Id - 0.0581*Gp + 0.0871*Gt + uc*(-6.307e-5*t^2 + 0.0483*t - 9.19) &amp; 
            Il'== -0.4219 * Il + 0.2250* Ip &amp;
            Ip'== -0.3150 * Ip + 0.1545 * Il + 0.0019 * Isc1 + 0.0078 * Isc2 &amp;
            I1'== -0.0046 * ( I1 - 18.2129 * Ip) &amp;
            Id'== -0.0046 * (Id - I1 ) &amp;
            Gs'== 0.1*( 0.5221 * Gp - Gs) &amp;
            t'==1</flow>
    </location>
    <location id="I4_t4" name="loc_I4_t4" x="426.0" y="95.0" width="556.0" height="136.0">
      <invariant>Gs&gt;=175 &amp; Gs&lt;=300 &amp; t&gt;=360 &amp; t&lt;=400</invariant>
      <flow>X'== -0.0278 * X +0.0278 * ( 18.2129 * Ip - 100.25) &amp; 
            Isc1'== -0.0142 * Isc1 - 0.0078 * Isc2 + 0.5 &amp;
            Isc2'== 0.0152 * Isc1 - 0.0078 * Isc2 &amp;
            Gt'== -0.0039* (3.2267+0.0313*X) * Gt * ( 1 - 0.0026 * Gt + (2.5097e-6) *Gt^2) + 0.0581 *Gp - 0.0871* Gt &amp;
            Gp'== 3.7314 - 0.0047 * Gp - 0.0121 * Id - 0.0581*Gp + 0.0871*Gt + uc*(-6.307e-5*t^2 + 0.0483*t - 9.19) &amp; 
            Il'== -0.4219 * Il + 0.2250* Ip &amp;
            Ip'== -0.3150 * Ip + 0.1545 * Il + 0.0019 * Isc1 + 0.0078 * Isc2 &amp;
            I1'== -0.0046 * ( I1 - 18.2129 * Ip) &amp;
            Id'== -0.0046 * (Id - I1 ) &amp;
            Gs'== 0.1*( 0.5221 * Gp - Gs) &amp;
            t'==1</flow>
    </location>
    <location id="I5_t4" name="loc_I5_t4" x="426.0" y="95.0" width="556.0" height="136.0">
      <invariant>Gs&gt;=295 &amp; t&gt;=360 &amp; t&lt;=400</invariant>
      <flow>X'== -0.0278 * X +0.0278 * ( 18.2129 * Ip - 100.25) &amp; 
            Isc1'== -0.0142 * Isc1 - 0.0078 * Isc2 + 1.4 &amp;
            Isc2'== 0.0152 * Isc1 - 0.0078 * Isc2 &amp;
            Gt'== -0.0039* (3.2267+0.0313*X) * Gt * ( 1 - 0.0026 * Gt + (2.5097e-6) *Gt^2) + 0.0581 *Gp - 0.0871* Gt &amp;
            Gp'== 3.7314 - 0.0047 * Gp - 0.0121 * Id - 0.0581*Gp + 0.0871*Gt + uc*(-6.307e-5*t^2 + 0.0483*t - 9.19) &amp; 
            Il'== -0.4219 * Il + 0.2250* Ip &amp;
            Ip'== -0.3150 * Ip + 0.1545 * Il + 0.0019 * Isc1 + 0.0078 * Isc2 &amp;
            I1'== -0.0046 * ( I1 - 18.2129 * Ip) &amp;
            Id'== -0.0046 * (Id - I1 ) &amp;
            Gs'== 0.1*( 0.5221 * Gp - Gs) &amp;
            t'==1</flow>
    </location>
    <note>
        -------------------------------------------------------------------
        Locations for time interval t in [400,500]
        -------------------------------------------------------------------
    </note>
    <location id="I1_t5" name="loc_I1_t5" x="426.0" y="95.0" width="556.0" height="136.0">
      <invariant>Gs&lt;=80 &amp; t&gt;=400 &amp; t&lt;=500</invariant>
      <flow>X'== -0.0278 * X +0.0278 * ( 18.2129 * Ip - 100.25) &amp; 
            Isc1'== -0.0142 * Isc1 - 0.0078 * Isc2 + 0.05 &amp;
            Isc2'== 0.0152 * Isc1 - 0.0078 * Isc2 &amp;
            Gt'== -0.0039* (3.2267+0.0313*X) * Gt * ( 1 - 0.0026 * Gt + (2.5097e-6) *Gt^2) + 0.0581 *Gp - 0.0871* Gt &amp;
            Gp'== 3.7314 - 0.0047 * Gp - 0.0121 * Id - 0.0581*Gp + 0.0871*Gt + uc*(3.553e-6*t^2 -3.423e-3*t + 0.824) &amp; 
            Il'== -0.4219 * Il + 0.2250* Ip &amp;
            Ip'== -0.3150 * Ip + 0.1545 * Il + 0.0019 * Isc1 + 0.0078 * Isc2 &amp;
            I1'== -0.0046 * ( I1 - 18.2129 * Ip) &amp;
            Id'== -0.0046 * (Id - I1 ) &amp;
            Gs'== 0.1*( 0.5221 * Gp - Gs) &amp;
            t'==1</flow>
    </location>
    <location id="I2_t5" name="loc_I2_t5" x="426.0" y="95.0" width="556.0" height="136.0">
      <invariant>Gs&gt;=75 &amp; Gs&lt;=120 &amp; t&gt;=400 &amp; t&lt;=500</invariant>
      <flow>X'== -0.0278 * X +0.0278 * ( 18.2129 * Ip - 100.25) &amp; 
            Isc1'== -0.0142 * Isc1 - 0.0078 * Isc2 + 0.1 &amp;
            Isc2'== 0.0152 * Isc1 - 0.0078 * Isc2 &amp;
            Gt'== -0.0039* (3.2267+0.0313*X) * Gt * ( 1 - 0.0026 * Gt + (2.5097e-6) *Gt^2) + 0.0581 *Gp - 0.0871* Gt &amp;
            Gp'== 3.7314 - 0.0047 * Gp - 0.0121 * Id - 0.0581*Gp + 0.0871*Gt + uc*(3.553e-6*t^2 -3.423e-3*t + 0.824) &amp; 
            Il'== -0.4219 * Il + 0.2250* Ip &amp;
            Ip'== -0.3150 * Ip + 0.1545 * Il + 0.0019 * Isc1 + 0.0078 * Isc2 &amp;
            I1'== -0.0046 * ( I1 - 18.2129 * Ip) &amp;
            Id'== -0.0046 * (Id - I1 ) &amp;
            Gs'== 0.1*( 0.5221 * Gp - Gs) &amp;
            t'==1</flow>
    </location>
    <location id="I3_t5" name="loc_I3_t5" x="426.0" y="95.0" width="556.0" height="136.0">
      <invariant>Gs&gt;=115 &amp; Gs&lt;=180 &amp; t&gt;=400 &amp; t&lt;=500</invariant>
      <flow>X'== -0.0278 * X +0.0278 * ( 18.2129 * Ip - 100.25) &amp; 
            Isc1'== -0.0142 * Isc1 - 0.0078 * Isc2 + 0.2 &amp;
            Isc2'== 0.0152 * Isc1 - 0.0078 * Isc2 &amp;
            Gt'== -0.0039* (3.2267+0.0313*X) * Gt * ( 1 - 0.0026 * Gt + (2.5097e-6) *Gt^2) + 0.0581 *Gp - 0.0871* Gt &amp;
            Gp'== 3.7314 - 0.0047 * Gp - 0.0121 * Id - 0.0581*Gp + 0.0871*Gt + uc*(3.553e-6*t^2 -3.423e-3*t + 0.824) &amp; 
            Il'== -0.4219 * Il + 0.2250* Ip &amp;
            Ip'== -0.3150 * Ip + 0.1545 * Il + 0.0019 * Isc1 + 0.0078 * Isc2 &amp;
            I1'== -0.0046 * ( I1 - 18.2129 * Ip) &amp;
            Id'== -0.0046 * (Id - I1 ) &amp;
            Gs'== 0.1*( 0.5221 * Gp - Gs) &amp;
            t'==1</flow>
    </location>
    <location id="I4_t5" name="loc_I4_t5" x="426.0" y="95.0" width="556.0" height="136.0">
      <invariant>Gs&gt;=175 &amp; Gs&lt;=300 &amp; t&gt;=400 &amp; t&lt;=500</invariant>
      <flow>X'== -0.0278 * X +0.0278 * ( 18.2129 * Ip - 100.25) &amp; 
            Isc1'== -0.0142 * Isc1 - 0.0078 * Isc2 + 0.5 &amp;
            Isc2'== 0.0152 * Isc1 - 0.0078 * Isc2 &amp;
            Gt'== -0.0039* (3.2267+0.0313*X) * Gt * ( 1 - 0.0026 * Gt + (2.5097e-6) *Gt^2) + 0.0581 *Gp - 0.0871* Gt &amp;
            Gp'== 3.7314 - 0.0047 * Gp - 0.0121 * Id - 0.0581*Gp + 0.0871*Gt + uc*(3.553e-6*t^2 -3.423e-3*t + 0.824) &amp; 
            Il'== -0.4219 * Il + 0.2250* Ip &amp;
            Ip'== -0.3150 * Ip + 0.1545 * Il + 0.0019 * Isc1 + 0.0078 * Isc2 &amp;
            I1'== -0.0046 * ( I1 - 18.2129 * Ip) &amp;
            Id'== -0.0046 * (Id - I1 ) &amp;
            Gs'== 0.1*( 0.5221 * Gp - Gs) &amp;
            t'==1</flow>
    </location>
    <location id="I5_t5" name="loc_I5_t5" x="426.0" y="95.0" width="556.0" height="136.0">
      <invariant>Gs&gt;=295 &amp; t&gt;=400 &amp; t&lt;=500</invariant>
      <flow>X'== -0.0278 * X +0.0278 * ( 18.2129 * Ip - 100.25) &amp; 
            Isc1'== -0.0142 * Isc1 - 0.0078 * Isc2 + 1.4 &amp;
            Isc2'== 0.0152 * Isc1 - 0.0078 * Isc2 &amp;
            Gt'== -0.0039* (3.2267+0.0313*X) * Gt * ( 1 - 0.0026 * Gt + (2.5097e-6) *Gt^2) + 0.0581 *Gp - 0.0871* Gt &amp;
            Gp'== 3.7314 - 0.0047 * Gp - 0.0121 * Id - 0.0581*Gp + 0.0871*Gt + uc*(3.553e-6*t^2 -3.423e-3*t + 0.824) &amp; 
            Il'== -0.4219 * Il + 0.2250* Ip &amp;
            Ip'== -0.3150 * Ip + 0.1545 * Il + 0.0019 * Isc1 + 0.0078 * Isc2 &amp;
            I1'== -0.0046 * ( I1 - 18.2129 * Ip) &amp;
            Id'== -0.0046 * (Id - I1 ) &amp;
            Gs'== 0.1*( 0.5221 * Gp - Gs) &amp;
            t'==1</flow>
    </location>
    <note>
        -------------------------------------------------------------------
        Locations for time interval t in [500,720]
        -------------------------------------------------------------------
    </note>
    <location id="I1_t6" name="loc_I1_t6" x="426.0" y="95.0" width="556.0" height="136.0">
      <invariant>Gs&lt;=80 &amp; t&gt;=500 &amp; t&lt;=720</invariant>
      <flow>X'== -0.0278 * X +0.0278 * ( 18.2129 * Ip - 100.25) &amp; 
            Isc1'== -0.0142 * Isc1 - 0.0078 * Isc2 + 0.05 &amp;
            Isc2'== 0.0152 * Isc1 - 0.0078 * Isc2 &amp;
            Gt'== -0.0039* (3.2267+0.0313*X) * Gt * ( 1 - 0.0026 * Gt + (2.5097e-6) *Gt^2) + 0.0581 *Gp - 0.0871* Gt &amp;
            Gp'== 3.7314 - 0.0047 * Gp - 0.0121 * Id - 0.0581*Gp + 0.0871*Gt + uc*(1.113e-8*t^2 - 1.482e-5*t+4.9e-3) &amp; 
            Il'== -0.4219 * Il + 0.2250* Ip &amp;
            Ip'== -0.3150 * Ip + 0.1545 * Il + 0.0019 * Isc1 + 0.0078 * Isc2 &amp;
            I1'== -0.0046 * ( I1 - 18.2129 * Ip) &amp;
            Id'== -0.0046 * (Id - I1 ) &amp;
            Gs'== 0.1*( 0.5221 * Gp - Gs) &amp;
            t'==1</flow>
    </location>
    <location id="I2_t6" name="loc_I2_t6" x="426.0" y="95.0" width="556.0" height="136.0">
      <invariant>Gs&gt;=75 &amp; Gs&lt;=120 &amp; t&gt;=500 &amp; t&lt;=720</invariant>
      <flow>X'== -0.0278 * X +0.0278 * ( 18.2129 * Ip - 100.25) &amp; 
            Isc1'== -0.0142 * Isc1 - 0.0078 * Isc2 + 0.1 &amp;
            Isc2'== 0.0152 * Isc1 - 0.0078 * Isc2 &amp;
            Gt'== -0.0039* (3.2267+0.0313*X) * Gt * ( 1 - 0.0026 * Gt + (2.5097e-6) *Gt^2) + 0.0581 *Gp - 0.0871* Gt &amp;
            Gp'== 3.7314 - 0.0047 * Gp - 0.0121 * Id - 0.0581*Gp + 0.0871*Gt + uc*(1.113e-8*t^2 - 1.482e-5*t+4.9e-3) &amp; 
            Il'== -0.4219 * Il + 0.2250* Ip &amp;
            Ip'== -0.3150 * Ip + 0.1545 * Il + 0.0019 * Isc1 + 0.0078 * Isc2 &amp;
            I1'== -0.0046 * ( I1 - 18.2129 * Ip) &amp;
            Id'== -0.0046 * (Id - I1 ) &amp;
            Gs'== 0.1*( 0.5221 * Gp - Gs) &amp;
            t'==1</flow>
    </location>
    <location id="I3_t6" name="loc_I3_t6" x="426.0" y="95.0" width="556.0" height="136.0">
      <invariant>Gs&gt;=115 &amp; Gs&lt;=180 &amp; t&gt;=500 &amp; t&lt;=720</invariant>
      <flow>X'== -0.0278 * X +0.0278 * ( 18.2129 * Ip - 100.25) &amp; 
            Isc1'== -0.0142 * Isc1 - 0.0078 * Isc2 + 0.2 &amp;
            Isc2'== 0.0152 * Isc1 - 0.0078 * Isc2 &amp;
            Gt'== -0.0039* (3.2267+0.0313*X) * Gt * ( 1 - 0.0026 * Gt + (2.5097e-6) *Gt^2) + 0.0581 *Gp - 0.0871* Gt &amp;
            Gp'== 3.7314 - 0.0047 * Gp - 0.0121 * Id - 0.0581*Gp + 0.0871*Gt + uc*(1.113e-8*t^2 - 1.482e-5*t+4.9e-3) &amp; 
            Il'== -0.4219 * Il + 0.2250* Ip &amp;
            Ip'== -0.3150 * Ip + 0.1545 * Il + 0.0019 * Isc1 + 0.0078 * Isc2 &amp;
            I1'== -0.0046 * ( I1 - 18.2129 * Ip) &amp;
            Id'== -0.0046 * (Id - I1 ) &amp;
            Gs'== 0.1*( 0.5221 * Gp - Gs) &amp;
            t'==1</flow>
    </location>
    <location id="I4_t6" name="loc_I4_t6" x="426.0" y="95.0" width="556.0" height="136.0">
      <invariant>Gs&gt;=175 &amp; Gs&lt;=300 &amp; t&gt;=500 &amp; t&lt;=720</invariant>
      <flow>X'== -0.0278 * X +0.0278 * ( 18.2129 * Ip - 100.25) &amp; 
            Isc1'== -0.0142 * Isc1 - 0.0078 * Isc2 + 0.5 &amp;
            Isc2'== 0.0152 * Isc1 - 0.0078 * Isc2 &amp;
            Gt'== -0.0039* (3.2267+0.0313*X) * Gt * ( 1 - 0.0026 * Gt + (2.5097e-6) *Gt^2) + 0.0581 *Gp - 0.0871* Gt &amp;
            Gp'== 3.7314 - 0.0047 * Gp - 0.0121 * Id - 0.0581*Gp + 0.0871*Gt + uc*(1.113e-8*t^2 - 1.482e-5*t+4.9e-3) &amp; 
            Il'== -0.4219 * Il + 0.2250* Ip &amp;
            Ip'== -0.3150 * Ip + 0.1545 * Il + 0.0019 * Isc1 + 0.0078 * Isc2 &amp;
            I1'== -0.0046 * ( I1 - 18.2129 * Ip) &amp;
            Id'== -0.0046 * (Id - I1 ) &amp;
            Gs'== 0.1*( 0.5221 * Gp - Gs) &amp;
            t'==1</flow>
    </location>
    <location id="I5_t6" name="loc_I5_t6" x="426.0" y="95.0" width="556.0" height="136.0">
      <invariant>Gs&gt;=295 &amp; t&gt;=500 &amp; t&lt;=720</invariant>
      <flow>X'== -0.0278 * X +0.0278 * ( 18.2129 * Ip - 100.25) &amp; 
            Isc1'== -0.0142 * Isc1 - 0.0078 * Isc2 + 1.4 &amp;
            Isc2'== 0.0152 * Isc1 - 0.0078 * Isc2 &amp;
            Gt'== -0.0039* (3.2267+0.0313*X) * Gt * ( 1 - 0.0026 * Gt + (2.5097e-6) *Gt^2) + 0.0581 *Gp - 0.0871* Gt &amp;
            Gp'== 3.7314 - 0.0047 * Gp - 0.0121 * Id - 0.0581*Gp + 0.0871*Gt + uc*(1.113e-8*t^2 - 1.482e-5*t+4.9e-3) &amp; 
            Il'== -0.4219 * Il + 0.2250* Ip &amp;
            Ip'== -0.3150 * Ip + 0.1545 * Il + 0.0019 * Isc1 + 0.0078 * Isc2 &amp;
            I1'== -0.0046 * ( I1 - 18.2129 * Ip) &amp;
            Id'== -0.0046 * (Id - I1 ) &amp;
            Gs'== 0.1*( 0.5221 * Gp - Gs) &amp;
            t'==1</flow>
    </location>
    <note>
        -------------------------------------------------------------------
        Transitions for time interval t in [0,30]
        -------------------------------------------------------------------
    </note>
    <transition source="I1_t1" target="I2_t1">
        <label>I1t1_TO_I2t1</label>
        <guard>Gs&gt;=80</guard>
    </transition>
    <transition source="I2_t1" target="I1_t1">
        <label>I2t1_TO_I1t1</label>
        <guard>Gs&lt;=75</guard>
    </transition>
    <transition source="I2_t1" target="I3_t1">
        <label>I2t1_TO_I3t1</label>
        <guard>Gs&gt;=120</guard>
    </transition>
    <transition source="I3_t1" target="I2_t1">
        <label>I3t1_TO_I2t1</label>
        <guard>Gs&lt;=115</guard>
    </transition>
    <transition source="I3_t1" target="I4_t1">
        <label>I3t1_TO_I4t1</label>
        <guard>Gs&gt;=180</guard>
    </transition>
    <transition source="I4_t1" target="I3_t1">
        <label>I4t1_TO_I3t1</label>
        <guard>Gs&lt;=175</guard>
    </transition>
    <transition source="I4_t1" target="I5_t1">
        <label>I4t1_TO_I5t1</label>
        <guard>Gs&gt;=300</guard>
    </transition>
    <transition source="I5_t1" target="I4_t1">
        <label>I5t1_TO_I4t1</label>
        <guard>Gs&lt;=295</guard>
    </transition>
    <note>
        -------------------------------------------------------------------
        Transitions for time interval t in [30,80]
        -------------------------------------------------------------------
    </note>
    <transition source="I1_t2" target="I2_t2">
        <label>I1t2_TO_I2t2</label>
        <guard>Gs&gt;=80</guard>
    </transition>
    <transition source="I2_t2" target="I1_t2">
        <label>I2t2_TO_I1t2</label>
        <guard>Gs&lt;=75</guard>
    </transition>
    <transition source="I2_t2" target="I3_t2">
        <label>I2t2_TO_I3t2</label>
        <guard>Gs&gt;=120</guard>
    </transition>
    <transition source="I3_t2" target="I2_t2">
        <label>I3t1_TO_I2t1</label>
        <guard>Gs&lt;=115</guard>
    </transition>
    <transition source="I3_t2" target="I4_t2">
        <label>I3t2_TO_I4t2</label>
        <guard>Gs&gt;=180</guard>
    </transition>
    <transition source="I4_t2" target="I3_t2">
        <label>I4t2_TO_I3t2</label>
        <guard>Gs&lt;=175</guard>
    </transition>
    <transition source="I4_t2" target="I5_t2">
        <label>I4t2_TO_I5t2</label>
        <guard>Gs&gt;=300</guard>
    </transition>
    <transition source="I5_t2" target="I4_t2">
        <label>I5t2_TO_I4t2</label>
        <guard>Gs&lt;=295</guard>
    </transition>
    <note>
        -------------------------------------------------------------------
        Transitions for time interval t in [80,360]
        -------------------------------------------------------------------
    </note>
    <transition source="I1_t3" target="I2_t3">
        <label>I1t3_TO_I2t3</label>
        <guard>Gs&gt;=80</guard>
    </transition>
    <transition source="I2_t3" target="I1_t3">
        <label>I2t3_TO_I1t3</label>
        <guard>Gs&lt;=75</guard>
    </transition>
    <transition source="I2_t3" target="I3_t3">
        <label>I2t3_TO_I3t3</label>
        <guard>Gs&gt;=120</guard>
    </transition>
    <transition source="I3_t3" target="I2_t3">
        <label>I3t3_TO_I2t3</label>
        <guard>Gs&lt;=115</guard>
    </transition>
    <transition source="I3_t3" target="I4_t3">
        <label>I3t3_TO_I4t3</label>
        <guard>Gs&gt;=180</guard>
    </transition>
    <transition source="I4_t3" target="I3_t3">
        <label>I4t3_TO_I3t3</label>
        <guard>Gs&lt;=175</guard>
    </transition>
    <transition source="I4_t3" target="I5_t3">
        <label>I4t3_TO_I5t3</label>
        <guard>Gs&gt;=300</guard>
    </transition>
    <transition source="I5_t3" target="I4_t3">
        <label>I5t3_TO_I4t3</label>
        <guard>Gs&lt;=295</guard>
    </transition>
    <note>
        -------------------------------------------------------------------
        Transitions for time interval t in [360,400]
        -------------------------------------------------------------------
    </note>
    <transition source="I1_t4" target="I2_t4">
        <label>I1t4_TO_I2t4</label>
        <guard>Gs&gt;=80</guard>
    </transition>
    <transition source="I2_t4" target="I1_t4">
        <label>I2t4_TO_I1t4</label>
        <guard>Gs&lt;=75</guard>
    </transition>
    <transition source="I2_t4" target="I3_t4">
        <label>I2t4_TO_I3t4</label>
        <guard>Gs&gt;=120</guard>
    </transition>
    <transition source="I3_t4" target="I2_t4">
        <label>I3t4_TO_I2t4</label>
        <guard>Gs&lt;=115</guard>
    </transition>
    <transition source="I3_t4" target="I4_t4">
        <label>I3t4_TO_I4t4</label>
        <guard>Gs&gt;=180</guard>
    </transition>
    <transition source="I4_t4" target="I3_t4">
        <label>I4t4_TO_I3t4</label>
        <guard>Gs&lt;=175</guard>
    </transition>
    <transition source="I4_t4" target="I5_t4">
        <label>I4t4_TO_I5t4</label>
        <guard>Gs&gt;=300</guard>
    </transition>
    <transition source="I5_t4" target="I4_t4">
        <label>I5t4_TO_I4t4</label>
        <guard>Gs&lt;=295</guard>
    </transition>
    <note>
        -------------------------------------------------------------------
        Transitions for time interval t in [400,500]
        -------------------------------------------------------------------
    </note>
    <transition source="I1_t5" target="I2_t5">
        <label>I1t5_TO_I2t5</label>
        <guard>Gs&gt;=80</guard>
    </transition>
    <transition source="I2_t5" target="I1_t5">
        <label>I2t5_TO_I1t5</label>
        <guard>Gs&lt;=75</guard>
    </transition>
    <transition source="I2_t5" target="I3_t5">
        <label>I2t5_TO_I3t5</label>
        <guard>Gs&gt;=120</guard>
    </transition>
    <transition source="I3_t5" target="I2_t5">
        <label>I3t5_TO_I2t5</label>
        <guard>Gs&lt;=115</guard>
    </transition>
    <transition source="I3_t5" target="I4_t5">
        <label>I3t5_TO_I4t5</label>
        <guard>Gs&gt;=180</guard>
    </transition>
    <transition source="I4_t5" target="I3_t5">
        <label>I4t5_TO_I3t5</label>
        <guard>Gs&lt;=175</guard>
    </transition>
    <transition source="I4_t5" target="I5_t5">
        <label>I4t5_TO_I5t5</label>
        <guard>Gs&gt;=300</guard>
    </transition>
    <transition source="I5_t5" target="I4_t5">
        <label>I5t5_TO_I4t5</label>
        <guard>Gs&lt;=295</guard>
    </transition>
    <note>
        -------------------------------------------------------------------
        Transitions for time interval t in [500,720]
        -------------------------------------------------------------------
    </note>
    <transition source="I1_t6" target="I2_t6">
        <label>I1t6_TO_I2t6</label>
        <guard>Gs&gt;=80</guard>
    </transition>
    <transition source="I2_t6" target="I1_t6">
        <label>I2t6_TO_I1t6</label>
        <guard>Gs&lt;=75</guard>
    </transition>
    <transition source="I2_t6" target="I3_t6">
        <label>I2t6_TO_I3t6</label>
        <guard>Gs&gt;=120</guard>
    </transition>
    <transition source="I3_t6" target="I2_t6">
        <label>I3t6_TO_I2t6</label>
        <guard>Gs&lt;=115</guard>
    </transition>
    <transition source="I3_t6" target="I4_t6">
        <label>I3t6_TO_I4t6</label>
        <guard>Gs&gt;=180</guard>
    </transition>
    <transition source="I4_t6" target="I3_t6">
        <label>I4t6_TO_I3t6</label>
        <guard>Gs&lt;=175</guard>
    </transition>
    <transition source="I4_t6" target="I5_t6">
        <label>I4t6_TO_I5t6</label>
        <guard>Gs&gt;=300</guard>
    </transition>
    <transition source="I5_t6" target="I4_t6">
        <label>I5t6_TO_I4t6</label>
        <guard>Gs&lt;=295</guard>
    </transition>
    <note>
        -------------------------------------------------------------------
        Time transitions at t = 30
        -------------------------------------------------------------------
    </note>
    <transition source="I1_t1" target="I1_t2">
        <label>I1t1_TO_I1t2</label>
        <guard>t&gt;=30</guard>
    </transition>
    <transition source="I2_t1" target="I2_t2">
        <label>I2t1_TO_I2t2</label>
        <guard>t&gt;=30</guard>
    </transition>
    <transition source="I3_t1" target="I3_t2">
        <label>I3t1_TO_I3t2</label>
        <guard>t&gt;=30</guard>
    </transition>
    <transition source="I4_t1" target="I4_t2">
        <label>I4t1_TO_I4t2</label>
        <guard>t&gt;=30</guard>
    </transition>
    <transition source="I5_t1" target="I5_t2">
        <label>I5t1_TO_I5t2</label>
        <guard>t&gt;=30</guard>
    </transition>
    <note>
        -------------------------------------------------------------------
        Time transitions at t = 80
        -------------------------------------------------------------------
    </note>
    <transition source="I1_t2" target="I1_t3">
        <label>I1t2_TO_I1t3</label>
        <guard>t&gt;=80</guard>
    </transition>
    <transition source="I2_t2" target="I2_t3">
        <label>I2t2_TO_I2t3</label>
        <guard>t&gt;=80</guard>
    </transition>
    <transition source="I3_t2" target="I3_t3">
        <label>I3t2_TO_I3t3</label>
        <guard>t&gt;=80</guard>
    </transition>
    <transition source="I4_t2" target="I4_t3">
        <label>I4t2_TO_I4t3</label>
        <guard>t&gt;=80</guard>
    </transition>
    <transition source="I5_t2" target="I5_t3">
        <label>I5t2_TO_I5t3</label>
        <guard>t&gt;=80</guard>
    </transition>
    <note>
        -------------------------------------------------------------------
        Time transitions at t = 360
        -------------------------------------------------------------------
    </note>
    <transition source="I1_t3" target="I1_t4">
        <label>I1t3_TO_I1t4</label>
        <guard>t&gt;=360</guard>
    </transition>
    <transition source="I2_t3" target="I2_t4">
        <label>I2t3_TO_I2t4</label>
        <guard>t&gt;=360</guard>
    </transition>
    <transition source="I3_t3" target="I3_t4">
        <label>I3t3_TO_I3t4</label>
        <guard>t&gt;=360</guard>
    </transition>
    <transition source="I4_t3" target="I4_t4">
        <label>I4t3_TO_I4t4</label>
        <guard>t&gt;=360</guard>
    </transition>
    <transition source="I5_t3" target="I5_t4">
        <label>I5t3_TO_I5t4</label>
        <guard>t&gt;=360</guard>
    </transition>
    <note>
        -------------------------------------------------------------------
        Time transitions at t = 400
        -------------------------------------------------------------------
    </note>
    <transition source="I1_t4" target="I1_t5">
        <label>I1t4_TO_I1t5</label>
        <guard>t&gt;=400</guard>
    </transition>
    <transition source="I2_t4" target="I2_t5">
        <label>I2t4_TO_I2t5</label>
        <guard>t&gt;=400</guard>
    </transition>
    <transition source="I3_t4" target="I3_t5">
        <label>I3t4_TO_I3t5</label>
        <guard>t&gt;=400</guard>
    </transition>
    <transition source="I4_t4" target="I4_t5">
        <label>I4t4_TO_I4t5</label>
        <guard>t&gt;=400</guard>
    </transition>
    <transition source="I5_t4" target="I5_t5">
        <label>I5t4_TO_I5t5</label>
        <guard>t&gt;=400</guard>
    </transition>
    <note>
        -------------------------------------------------------------------
        Time transitions at t = 500
        -------------------------------------------------------------------
    </note>
    <transition source="I1_t5" target="I1_t6">
        <label>I1t5_TO_I1t6</label>
        <guard>t&gt;=500</guard>
    </transition>
    <transition source="I2_t5" target="I2_t6">
        <label>I2t5_TO_I2t6</label>
        <guard>t&gt;=500</guard>
    </transition>
    <transition source="I3_t5" target="I3_t6">
        <label>I3t5_TO_I3t6</label>
        <guard>t&gt;=500</guard>
    </transition>
    <transition source="I4_t5" target="I4_t6">
        <label>I4t5_TO_I4t6</label>
        <guard>t&gt;=500</guard>
    </transition>
    <transition source="I5_t5" target="I5_t6">
        <label>I5t5_TO_I5t6</label>
        <guard>t&gt;=500</guard>
    </transition>
  </component>
</sspaceex>